-- phpMyAdmin SQL Dump
-- version 5.0.2
-- https://www.phpmyadmin.net/
--
-- Host: 127.0.0.1
-- Generation Time: Nov 05, 2024 at 02:00 AM
-- Server version: 10.4.13-MariaDB
-- PHP Version: 7.4.7

SET SQL_MODE = "NO_AUTO_VALUE_ON_ZERO";
START TRANSACTION;
SET time_zone = "+00:00";


/*!40101 SET @OLD_CHARACTER_SET_CLIENT=@@CHARACTER_SET_CLIENT */;
/*!40101 SET @OLD_CHARACTER_SET_RESULTS=@@CHARACTER_SET_RESULTS */;
/*!40101 SET @OLD_COLLATION_CONNECTION=@@COLLATION_CONNECTION */;
/*!40101 SET NAMES utf8mb4 */;

--
-- Database: `databerkasmasuk`
--

-- --------------------------------------------------------

--
-- Table structure for table `databarang`
--

CREATE TABLE `databarang` (
  `id` int(11) NOT NULL,
  `tanggal_terima` date NOT NULL,
  `nama_barang` varchar(255) NOT NULL,
  `nama_teknisi` varchar(255) NOT NULL,
  `kantor_cabang` varchar(255) NOT NULL,
  `keterangan` varchar(255) NOT NULL
) ENGINE=InnoDB DEFAULT CHARSET=utf8mb4;

--
-- Dumping data for table `databarang`
--

INSERT INTO `databarang` (`id`, `tanggal_terima`, `nama_barang`, `nama_teknisi`, `kantor_cabang`, `keterangan`) VALUES
(1, '2024-09-10', 'EKTP Reader', '11', '33', 'Replace'),
(2, '2024-08-27', 'Kabel Slider', '9', '40', 'Kabel Putus'),
(3, '2024-09-18', 'Pen Stylus', '7', '30', 'Ujung pen robek'),
(7, '2024-09-30', 'EKTP Reader', '6', '72', 'Replace'),
(8, '2024-09-30', 'Remote Digital Poster', '4', '58', 'Remote BNI teknisi Rangga'),
(9, '2024-10-01', 'Akrilik EKTP dan Pen stylus', '12', '35', 'Replace'),
(10, '2024-10-02', 'Akrilik EKTP dan Barcode', '9', '97', 'Replace'),
(11, '2024-10-07', 'RAM ', '22', '32', 'SSB BRI 24 (Kendala)'),
(12, '2024-10-07', 'Printer M1140', '22', '86', 'Cartridge kosong'),
(13, '2024-10-14', 'CRT 350', '23', '55', 'Replace'),
(14, '2024-10-14', 'Dudukan Slider', '21', '27', 'Tempat baut pecah'),
(15, '2024-10-14', 'Kamera Eform Tablet', '17', '121', 'Kendala'),
(16, '2024-10-15', 'Motherboard PC dan PSU PC', '22', '32', 'Replace'),
(17, '2024-10-15', 'PSU bekas 2 pcs', '9', '40', 'Replace'),
(18, '2024-10-15', 'PSU bekas 2 pcs', '9', '97', 'Replace'),
(19, '2024-10-23', 'SSD PC Antrian', '17', '75', 'Replace'),
(20, '2024-10-28', 'PSU Bekas', '21', '39', 'Replace'),
(21, '2024-10-28', 'PSU Bekas', '21', '28', 'Replace 2 pcs'),
(22, '2024-10-28', 'PSU Bekas', '21', '26', 'Replace 2 pcs'),
(23, '2024-10-28', 'Pinpad', '13', '148', 'Kendala di angka'),
(24, '2024-10-29', 'PSU bekas 2 pcs', '10', '65', 'Replace'),
(25, '2024-10-29', 'Kabel PSU', '10', '65', 'Replace'),
(26, '2024-10-29', 'UPS 700', '10', '65', 'Replace UPS 900'),
(27, '2024-11-04', 'EKTP Reader', '1', '38', 'Problem finger tidak terdeteksi'),
(28, '2024-11-04', 'Board Secondary ', '1', '38', 'Tidak jadi digunakan');

-- --------------------------------------------------------

--
-- Table structure for table `databerkas`
--

CREATE TABLE `databerkas` (
  `id` int(11) NOT NULL,
  `tanggalmasuk` date DEFAULT NULL,
  `namateknisi` varchar(255) NOT NULL,
  `projectmesin` varchar(255) NOT NULL,
  `kantorwilayah` varchar(255) NOT NULL,
  `kantorcabang` varchar(255) NOT NULL,
  `jenisberkas` varchar(255) NOT NULL,
  `keterangan` varchar(255) NOT NULL,
  `tanggalberkas` date DEFAULT NULL,
  `foto` varchar(255) NOT NULL
) ENGINE=InnoDB DEFAULT CHARSET=utf8mb4;

--
-- Dumping data for table `databerkas`
--

INSERT INTO `databerkas` (`id`, `tanggalmasuk`, `namateknisi`, `projectmesin`, `kantorwilayah`, `kantorcabang`, `jenisberkas`, `keterangan`, `tanggalberkas`, `foto`) VALUES
(132, '2024-09-23', 'Drais', '14', '5', '79', '2', '', '2024-09-05', ''),
(133, '2024-09-23', 'Aji', '15', '2', '78', '1', 'Perlu part pembatas ektp', '2024-09-02', ''),
(134, '2024-09-23', 'Aji', '15', '2', '80', '2', '', '2024-09-04', ''),
(135, '2024-09-23', 'Aji', '15', '2', '78', '2', '', '2024-09-09', ''),
(136, '2024-09-23', 'Drais', '13', '5', '82', '2', '', NULL, ''),
(137, '2024-09-23', 'Drais', '13', '5', '81', '2', 'Kosong', NULL, ''),
(138, '2024-09-23', 'Drais', '13', '5', '83', '2', '', '2024-09-19', ''),
(139, '2024-09-23', 'Drais', '13', '5', '82', '2', '', '2024-09-14', ''),
(140, '2024-09-23', 'Drais', '13', '5', '81', '3', 'WO Implementasi', '2024-09-12', ''),
(141, '2024-09-23', 'Drais', '13', '5', '83', '2', '', NULL, ''),
(142, '2024-09-23', 'Aji', '13', '2', '80', '2', '', '2024-09-04', ''),
(143, '2024-09-23', 'Aji', '13', '2', '78', '2', '', '2024-09-09', ''),
(144, '2024-09-23', 'Drais', '13', '5', '82', '3', 'BAST+BA+DO+WO', NULL, ''),
(145, '2024-09-23', 'Drais', '13', '5', '83', '3', 'BAST+BA', NULL, ''),
(146, '2024-09-23', 'Wayan', '13', '2', '84', '2', '', '2024-09-20', ''),
(147, '2024-09-23', 'Wayan', '15', '2', '28', '2', '', '2024-09-18', ''),
(148, '2024-09-23', 'Wayan', '15', '2', '38', '2', '', '2024-09-17', ''),
(149, '2024-09-23', 'Rizqi', '13', '1', '68', '2', '', '2024-09-18', ''),
(150, '2024-09-23', 'Rizqi', '13', '1', '68', '2', '', NULL, ''),
(151, '2024-09-23', 'Rizqi', '13', '1', '69', '2', '', NULL, ''),
(152, '2024-09-24', 'Nico', '14', '3', '48', '2', '', '2024-09-17', ''),
(153, '2024-09-24', 'Nico', '14', '3', '40', '2', '', '2024-09-20', ''),
(154, '2024-09-24', 'Nico', '14', '3', '48', '2', '', '2024-09-19', ''),
(155, '2024-09-24', 'Rafli', '13', '4', '85', '2', '', '2024-09-17', ''),
(156, '2024-09-24', 'Rafli', '13', '4', '85', '3', 'WO Implementasi', NULL, ''),
(157, '2024-09-24', 'Rafli', '13', '4', '47', '3', 'Delivery Order', NULL, ''),
(158, '2024-09-24', 'Rafli', '14', '4', '85', '2', '', '2024-09-10', ''),
(159, '2024-09-24', 'Rafli', '14', '4', '85', '2', '', '2024-09-17', ''),
(160, '2024-09-24', 'Rafli', '14', '4', '85', '2', '', '2024-09-11', ''),
(161, '2024-09-24', 'Rizqi', '15', '1', '69', '3', 'Delivery Order (revisi)', NULL, ''),
(162, '2024-09-25', 'Aspin', '13', '4', '36', '3', 'BAST+BA+DO+WO Implementasi', NULL, ''),
(163, '2024-09-25', 'Aspin', '13', '4', '87', '3', 'BAST+BA+WO Implementasi', NULL, ''),
(164, '2024-09-25', 'Aspin', '15', '4', '36', '2', '', '2024-09-17', ''),
(165, '2024-09-25', 'Aspin', '13', '4', '36', '2', '', '2024-09-17', ''),
(166, '2024-09-25', 'Gusti', '13', '3', '88', '2', '', '2024-09-18', ''),
(167, '2024-09-25', 'Gusti', '13', '3', '88', '2', '', NULL, ''),
(168, '2024-09-25', 'Aspin', '13', '4', '87', '2', '', NULL, ''),
(169, '2024-09-25', 'Zulkiflih', '13', '4', '45', '2', '', '2024-09-19', ''),
(170, '2024-09-25', 'Zulkiflih', '15', '5', '44', '2', '', '2024-09-20', ''),
(171, '2024-09-25', 'Zulkiflih', '15', '4', '45', '2', '', '2024-09-19', ''),
(172, '2024-09-25', 'Zulkiflih', '15', '5', '44', '2', '', '2024-09-10', ''),
(173, '2024-09-25', 'Zulkiflih', '14', '5', '43', '2', '', '2024-09-10', ''),
(174, '2024-09-26', 'Mad Boli', '10', '2', '49', '2', '', '2024-09-18', ''),
(175, '2024-09-26', 'Mad Boli', '10', '2', '49', '3', 'BA PM', '2024-09-18', ''),
(176, '2024-09-26', 'Mad Boli', '13', '2', '75', '1', 'Kendala pada SSD PC Antrian', '2024-09-19', ''),
(177, '2024-09-26', 'Mad Boli', '13', '2', '49', '2', '', '2024-09-17', ''),
(178, '2024-09-26', 'Tama', '14', '4', '89', '2', '', '2024-09-18', ''),
(179, '2024-09-26', 'Tama', '14', '4', '89', '2', '', NULL, ''),
(180, '2024-09-26', 'Tama', '13', '4', '90', '2', '', '2024-09-10', ''),
(181, '2024-09-26', 'Tama', '13', '4', '91', '2', '', '2024-09-08', ''),
(182, '2024-09-26', 'Tama', '13', '4', '89', '2', '', '2024-09-18', ''),
(183, '2024-09-26', 'Tama', '13', '4', '89', '2', '', NULL, ''),
(184, '2024-09-26', 'Tama', '13', '4', '91', '1', 'Request penggantian eform tablet', '2024-08-15', ''),
(185, '2024-09-26', 'Tama', '13', '4', '89', '2', '', '2024-08-22', ''),
(186, '2024-09-26', 'Tama', '13', '4', '91', '3', 'BAST+BA+DO+WO Implementasi', '2024-07-01', ''),
(187, '2024-09-26', 'Tama', '13', '4', '90', '3', 'BAST+BA', NULL, ''),
(188, '2024-09-26', 'Tama', '13', '4', '91', '3', 'DO pengiriman eform tablet 2', NULL, ''),
(189, '2024-09-30', 'Rangga', '15', '3', '55', '3', 'DO Unit Sepaku', '2024-09-30', ''),
(190, '2024-09-30', 'Rangga', '15', '3', '55', '1', 'Perlu ganti motor stepper', '2024-09-19', ''),
(191, '2024-10-01', 'Yosef', '20', '6', '25', '2', '', '2024-09-17', ''),
(192, '2024-10-01', 'Yosef', '13', '6', '70', '2', '', '2024-09-25', ''),
(193, '2024-10-01', 'Yosef', '15', '6', '70', '2', '', '2024-09-25', ''),
(194, '2024-10-01', 'Yosef', '12', '6', '25', '1', 'Antrian tidak muncul dan tidak ada suara', '2024-09-18', ''),
(195, '2024-10-01', 'Yosef', '15', '6', '92', '2', '', '2024-09-27', ''),
(196, '2024-10-01', 'Yosef', '13', '6', '92', '2', '', '2024-09-27', ''),
(197, '2024-10-01', 'Gusti', '14', '3', '35', '2', '', '2024-09-24', ''),
(198, '2024-10-01', 'Yosef', '14', '6', '25', '2', '', '2024-09-17', ''),
(199, '2024-10-01', 'Wayan', '15', '2', '26', '2', '', '2024-09-27', ''),
(200, '2024-10-01', 'Wayan', '15', '2', '28', '2', '', '2024-09-27', ''),
(201, '2024-10-01', 'Wayan', '13', '2', '50', '2', '', '2024-09-23', ''),
(202, '2024-10-01', 'Wayan', '14', '2', '39', '2', '', '2024-09-24', ''),
(203, '2024-10-01', 'Wayan', '18', '2', '37', '2', '', '2024-09-23', ''),
(204, '2024-10-01', 'Wayan', '10', '2', '37', '2', '', '2024-09-23', ''),
(205, '2024-10-01', 'Rizqi', '13', '1', '63', '2', '', NULL, ''),
(206, '2024-10-01', 'Rizqi', '13', '1', '63', '2', '', '2024-09-29', ''),
(207, '2024-10-01', 'Rizqi', '15', '1', '63', '2', '', '2024-09-26', ''),
(208, '2024-10-01', 'Aji', '15', '2', '80', '2', '', '2024-09-24', ''),
(209, '2024-10-01', 'Aji', '15', '2', '78', '2', '', '2024-09-23', ''),
(210, '2024-10-01', 'Aji', '13', '2', '93', '2', '', '2024-09-20', ''),
(211, '2024-10-01', 'Aji', '15', '2', '93', '2', '', '2024-09-20', ''),
(212, '2024-10-01', 'Yosef', '12', '6', '25', '3', 'BA PM 3 lembar', '0000-00-00', ''),
(213, '2024-10-02', 'Rifki', '13', '5', '94', '2', '', NULL, ''),
(214, '2024-10-02', 'Rifki', '13', '5', '96', '2', '', NULL, ''),
(215, '2024-10-02', 'Rifki', '13', '5', '95', '2', '', NULL, ''),
(216, '2024-10-02', 'Rifki', '13', '5', '61', '2', '', '2024-09-23', ''),
(217, '2024-10-02', 'Rifki', '12', '5', '30', '2', '', '2024-09-25', ''),
(218, '2024-10-02', 'Rifki', '20', '5', '30', '2', '', '2024-09-25', ''),
(219, '2024-10-02', 'Rifki', '14', '5', '30', '2', '', '2024-09-25', ''),
(220, '2024-10-02', 'Rifki', '13', '5', '94', '3', 'BAST + BA', NULL, ''),
(221, '2024-10-02', 'Rifki', '12', '5', '30', '3', 'BA PM 5 lembar', NULL, ''),
(222, '2024-10-02', 'Rifki', '15', '5', '94', '2', '', '2024-09-19', ''),
(223, '2024-10-02', 'Rifki', '15', '5', '95', '2', '', '2024-09-22', ''),
(224, '2024-10-02', 'Rifki', '15', '5', '53', '2', '', '2024-09-29', ''),
(225, '2024-10-02', 'Rifki', '13', '5', '95', '2', '', '2024-09-22', ''),
(226, '2024-10-02', 'Rifki', '13', '5', '96', '2', '', '2024-09-20', ''),
(227, '2024-10-02', 'Rifki', '13', '5', '94', '2', '', '2024-09-19', ''),
(228, '2024-10-02', 'Rifki', '13', '5', '53', '2', '', '2024-09-29', ''),
(229, '2024-10-02', 'Nico', '14', '3', '48', '2', '', '2024-09-27', ''),
(230, '2024-10-02', 'Nico', '14', '3', '40', '2', '', NULL, ''),
(231, '2024-10-02', 'Nico', '14', '3', '97', '2', '', '2024-09-23', ''),
(232, '2024-10-02', 'Arif', '10', '2', '98', '2', '', '2024-09-18', ''),
(233, '2024-10-02', 'Arif', '10', '2', '98', '2', '', '2024-09-26', ''),
(234, '2024-10-02', 'Arif', '13', '2', '98', '2', '', '2024-09-27', ''),
(235, '2024-10-02', 'Arif', '13', '2', '99', '2', '', '2024-09-23', ''),
(236, '2024-10-02', 'Arif', '13', '2', '98', '2', '', '2024-09-19', ''),
(237, '2024-10-02', 'Nico', '13', '3', '40', '2', '', NULL, ''),
(238, '2024-10-02', 'Nico', '13', '3', '97', '2', '', '2024-09-23', ''),
(239, '2024-10-03', 'Aspin', '14', '4', '33', '2', '', '2024-09-24', ''),
(243, '2024-10-04', 'Yosef', '13', '6', '92', '3', 'BAST+BA+DO+WO Implementasi', NULL, ''),
(245, '2024-06-19', 'Riswan', '15', '4', '76', '2', '', '2024-06-25', ''),
(246, '2024-10-04', 'Riswan', '14', '4', '46', '2', '', '2024-09-26', ''),
(247, '2024-10-04', 'Riswan', '15', '4', '47', '2', '', '2024-09-26', ''),
(248, '2024-10-04', 'Riswan', '12', '4', '46', '2', '', '2024-09-26', ''),
(249, '2024-10-04', 'Riswan', '20', '4', '46', '2', '', '2024-09-26', ''),
(250, '2024-10-04', 'Riswan', '13', '4', '47', '2', '', '2024-09-26', ''),
(251, '2024-10-04', 'Arif', '14', '2', '100', '2', '', '2024-10-02', ''),
(252, '2024-10-04', 'Arif', '14', '2', '100', '2', '', '2024-10-01', ''),
(253, '2024-10-04', 'Arif', '14', '2', '100', '1', 'Sering Transaksi Gagal', '2024-09-30', ''),
(254, '2024-10-04', 'Arif', '14', '2', '100', '2', '', NULL, ''),
(255, '2024-10-04', 'Arif', '14', '2', '100', '2', '', NULL, ''),
(256, '2024-10-04', 'Ade Irfan', '13', '5', '101', '2', '', '2024-09-19', ''),
(257, '2024-10-04', 'Ade Irfan', '13', '5', '102', '3', 'WO Implementasi', '2024-09-18', ''),
(258, '2024-10-04', 'Ade Irfan', '13', '5', '103', '2', '', '2024-09-29', ''),
(259, '2024-10-04', 'Ade', '13', '5', '104', '3', 'WO Implementasi', '2024-09-26', ''),
(260, '2024-10-04', 'Ade Irfan', '15', '5', '102', '2', '', '2024-09-17', ''),
(261, '2024-10-04', 'Ade Irfan', '13', '5', '101', '3', 'DO', NULL, ''),
(262, '2024-10-07', 'Amal', '12', '5', '30', '2', '', '2024-10-03', ''),
(263, '2024-10-07', 'Amal', '20', '5', '30', '2', '', '2024-10-03', ''),
(264, '2024-10-07', 'Amal', '13', '5', '105', '2', '', '2024-10-04', ''),
(265, '2024-10-07', 'Amal', '14', '5', '86', '2', '', '2024-10-03', ''),
(266, '2024-10-07', 'Amal', '14', '5', '30', '2', '', '2024-10-03', ''),
(267, '2024-10-07', 'Amal', '18', '5', '32', '1', 'RAM dan SSD Kendala', '2024-10-01', ''),
(268, '2024-10-07', 'Amal', '18', '5', '32', '2', '', '2024-09-30', ''),
(269, '2024-10-07', 'Amal', '11', '5', '32', '2', '', '2024-09-30', ''),
(270, '2024-10-07', 'Amal', '13', '5', '106', '2', '', '2024-09-30', ''),
(271, '2024-10-07', 'Amal', '15', '5', '106', '1', 'Printer passbook dan printer rekening koran kendala', '2024-09-30', ''),
(272, '2024-10-07', 'Amal', '15', '5', '105', '2', '', '2024-10-04', ''),
(273, '2024-10-07', 'Dika', '13', '2', '107', '2', '', NULL, ''),
(274, '2024-10-07', 'Dika', '13', '2', '27', '2', 'Berkas Kosong', NULL, ''),
(275, '2024-10-07', 'Dika', '10', '2', '27', '2', 'Berkas kosong', NULL, ''),
(276, '2024-10-07', 'Dika', '18', '2', '37', '2', '', '2024-09-28', ''),
(277, '2024-10-07', 'Dika', '14', '2', '39', '2', '', '2024-09-25', ''),
(278, '2024-10-07', 'Dika', '13', '2', '107', '2', '', '2024-09-20', ''),
(279, '2024-10-07', 'Dika', '15', '2', '38', '2', '', '2024-09-19', ''),
(280, '2024-10-07', 'Dika', '14', '2', '39', '2', '', '2024-09-18', ''),
(281, '2024-10-07', 'Dika', '18', '2', '37', '2', '', '2024-09-18', ''),
(282, '2024-10-07', 'Dika', '10', '2', '37', '1', 'Pergantian Thermal Printer', '2024-09-18', ''),
(283, '2024-10-07', 'Dika', '14', '2', '39', '2', '', '2024-09-12', ''),
(284, '2024-10-07', 'Dika', '15', '2', '38', '2', '', '2024-09-11', ''),
(285, '2024-10-07', 'Dika', '10', '2', '27', '2', '', '2024-09-10', ''),
(286, '2024-10-07', 'Dika', '15', '2', '38', '2', '', '2024-09-09', ''),
(287, '2024-10-07', 'Dika', '18', '2', '37', '1', 'Pergantian Sensor Disbox', '2024-09-07', ''),
(288, '2024-10-07', 'Aspin', '14', '4', '33', '2', '', '2024-10-03', ''),
(289, '2024-10-07', 'Aspin', '13', '4', '33', '2', '', '2024-10-03', ''),
(290, '2024-10-07', 'Aspin', '13', '4', '36', '2', '', '2024-10-01', ''),
(291, '2024-10-07', 'Aspin', '15', '4', '36', '2', '', '2024-10-01', ''),
(292, '2024-10-07', 'Aspin', '14', '4', '33', '1', 'Claim', '2024-09-30', ''),
(293, '2024-10-07', 'Rafli', '13', '4', '85', '2', '', '2024-10-03', ''),
(294, '2024-10-07', 'Rafli', '14', '4', '85', '2', '', '2024-10-03', ''),
(295, '2024-10-07', 'Rafli', '14', '4', '85', '2', '', '2024-09-30', ''),
(296, '2024-10-07', 'Gusti', '15', '3', '108', '2', '', '2024-10-03', ''),
(297, '2024-10-07', 'Gusti', '13', '3', '108', '2', '', '2024-10-03', ''),
(298, '2024-10-07', 'Gusti', '13', '3', '109', '2', '', '2024-10-01', ''),
(299, '2024-10-07', 'Gusti', '15', '3', '109', '2', '', '2024-10-01', ''),
(300, '2024-10-07', 'Aji', '14', '2', '110', '2', '', '2024-10-04', ''),
(301, '2024-10-07', 'Aji', '13', '2', '110', '2', '', '2024-10-04', ''),
(302, '2024-10-07', 'Nico', '14', '3', '48', '2', '', '2024-10-04', ''),
(303, '2024-10-07', 'Nico', '13', '3', '48', '2', '', '2024-10-04', ''),
(304, '2024-10-07', 'Nico', '15', '3', '97', '2', '', '2024-10-03', ''),
(305, '2024-10-07', 'Nico', '13', '3', '97', '2', '', '2024-10-03', ''),
(306, '2024-10-07', 'Nico', '14', '3', '48', '2', '', '2024-10-01', ''),
(307, '2024-10-07', 'Nico', '13', '3', '48', '2', '', '2024-10-01', ''),
(308, '2024-10-07', 'Nico', '14', '3', '48', '2', '', '2024-09-30', ''),
(309, '2024-10-07', 'Nico', '13', '3', '48', '3', 'WO Implementasi', NULL, ''),
(310, '2024-10-07', 'Nico', '13', '3', '48', '2', '', NULL, ''),
(311, '2024-10-08', 'Agus Priyono', '15', '3', '59', '1', 'Mesin tidak dapat di operasikan', '2024-10-04', ''),
(312, '2024-10-08', 'Abdullah', '13', '3', '65', '2', '', '2024-09-27', ''),
(313, '2024-10-08', 'Abdullah', '15', '3', '65', '2', '', '2024-09-27', ''),
(314, '2024-10-08', 'Abdullah', '15', '3', '65', '2', '', '2024-10-01', ''),
(315, '2024-10-08', 'Abdullah', '13', '3', '65', '2', '', '2024-10-01', ''),
(316, '2024-10-08', 'Abdullah', '15', '3', '65', '2', '', '2024-09-19', ''),
(317, '2024-10-08', 'Abdullah', '13', '3', '67', '2', '', '2024-09-23', ''),
(318, '2024-10-08', 'Abdullah', '14', '3', '67', '2', '', '2024-09-23', ''),
(319, '2024-10-08', 'Ade Irfan', '15', '5', '112', '2', '', '2024-10-04', ''),
(320, '2024-10-08', 'Ade Irfan', '13', '5', '112', '2', '', '2024-10-04', ''),
(321, '2024-10-08', 'Ade Irfan', '15', '5', '95', '2', '', '2024-10-03', ''),
(322, '2024-10-08', 'Zulkiflih', '14', '5', '43', '1', 'Transaksi Kadang Gagal', '2024-09-23', ''),
(323, '2024-10-08', 'Zulkiflih', '13', '5', '44', '2', '', '2024-10-03', ''),
(324, '2024-10-08', 'Zulkiflih', '15', '5', '44', '2', '', '2024-10-03', ''),
(325, '2024-10-08', 'Zulkiflih', '14', '5', '43', '2', '', '2024-10-01', ''),
(326, '2024-10-08', 'Zulkiflih', '13', '5', '43', '2', '', '2024-10-01', ''),
(327, '2024-10-08', 'Zulkiflih', '15', '5', '44', '1', 'Mesin tidak menerima kartu', '2024-09-26', ''),
(328, '2024-10-08', 'Rizqi', '10', '1', '113', '2', '', NULL, ''),
(329, '2024-10-08', 'Rizqi', '13', '1', '113', '2', '', NULL, ''),
(330, '2024-10-08', 'Rizqi', '10', '1', '113', '2', '', '2024-10-02', ''),
(331, '2024-10-08', 'Rizqi', '13', '1', '113', '2', '', '2024-10-02', ''),
(332, '2024-10-08', 'Rizqi', '19', '1', '114', '2', '', NULL, ''),
(333, '2024-10-08', 'Rizqi', '19', '1', '64', '2', '', NULL, ''),
(334, '2024-10-08', 'Rizqi', '19', '1', '115', '1', 'Tidak bisa masuk windows', '2024-10-01', ''),
(335, '2024-10-08', 'Rizqi', '19', '1', '114', '2', '', '2024-10-02', ''),
(336, '2024-10-08', 'Rizqi', '19', '1', '64', '2', '', '2024-10-03', ''),
(337, '2024-10-08', 'Rizqi', '19', '1', '115', '2', '', NULL, ''),
(338, '2024-10-08', 'Rizqi', '10', '1', '113', '3', 'BA PM', '2024-10-02', ''),
(339, '2024-10-08', 'Tama', '14', '4', '89', '2', '', '2024-09-26', ''),
(340, '2024-10-08', 'Riswan', '15', '4', '76', '2', '', '2024-10-04', ''),
(341, '2024-10-08', 'Riswan', '14', '4', '46', '2', '', '2024-09-30', ''),
(342, '2024-10-08', 'Riswan', '13', '4', '76', '2', '', '2024-10-04', ''),
(343, '2024-10-08', 'Riswan', '13', '4', '47', '2', '', '2024-10-02', ''),
(344, '2024-10-08', 'Riswan', '14', '4', '47', '2', '', '2024-10-02', ''),
(345, '2024-10-08', 'Riswan', '20', '4', '46', '2', '', '2024-10-01', ''),
(346, '2024-10-08', 'Riswan', '12', '4', '46', '2', '', '2024-10-01', ''),
(347, '2024-10-08', 'Riswan', '14', '4', '46', '2', '', '2024-10-01', ''),
(348, '2024-10-08', 'Rifki', '13', '5', '105', '2', '', '2024-10-01', ''),
(349, '2024-10-08', 'Rifki', '15', '5', '105', '2', '', '2024-10-01', ''),
(350, '2024-10-08', 'Dika', '13', '2', '84', '2', '', NULL, ''),
(351, '2024-10-08', 'Dika', '13', '2', '84', '2', '', '2024-10-01', ''),
(352, '2024-10-08', 'Dika', '13', '2', '28', '2', '', '2024-10-04', ''),
(353, '2024-10-08', 'Dika', '15', '2', '38', '2', '', '2024-09-30', ''),
(354, '2024-10-08', 'Dika', '15', '2', '28', '2', '', '2024-10-04', ''),
(355, '2024-10-08', 'Dika', '14', '2', '39', '2', '', '2024-09-30', ''),
(356, '2024-10-08', 'Drais', '14', '5', '79', '2', '', '2024-10-03', ''),
(357, '2024-10-08', 'Drais', '14', '5', '79', '2', '', '2024-09-30', ''),
(358, '2024-10-08', 'Drais', '14', '5', '79', '2', '', '2024-09-29', ''),
(359, '2024-10-08', 'Riswan', '13', '4', '76', '3', 'BAST+BA+WO Implementasi', NULL, ''),
(360, '2024-10-08', 'Wayan', '20', '2', '37', '2', '', '2024-10-01', ''),
(361, '2024-10-09', 'Wayan', '12', '2', '37', '2', '', '2024-10-03', ''),
(362, '2024-10-09', 'Wayan', '20', '2', '37', '2', '', '2024-10-01', ''),
(363, '2024-10-09', 'Wayan', '10', '2', '37', '2', '', '2024-10-01', ''),
(364, '2024-10-09', 'Wayan', '13', '2', '39', '2', '', '2024-10-02', ''),
(365, '2024-10-09', 'Wayan', '13', '2', '26', '2', '', '2024-09-30', ''),
(366, '2024-10-09', 'Wayan', '13', '2', '116', '2', '', '2024-10-02', ''),
(367, '2024-10-09', 'Wayan', '15', '2', '26', '2', '', '2024-09-30', ''),
(368, '2024-10-09', 'Wayan', '18', '2', '37', '2', '', '2024-10-01', ''),
(369, '2024-10-09', 'Wayan', '14', '2', '39', '2', '', '2024-10-02', ''),
(370, '2024-10-09', 'Wayan', '16', '2', '37', '2', '', '2024-10-01', ''),
(371, '2024-10-09', 'Yosef', '13', '6', '73', '2', '', '2024-10-01', ''),
(372, '2024-10-09', 'Yosef', '13', '6', '71', '2', '', '2024-10-03', ''),
(373, '2024-10-09', 'Yosef', '13', '6', '71', '2', '', '2024-10-04', ''),
(374, '2024-10-09', 'Yosef', '15', '6', '70', '1', '', '2024-09-30', ''),
(375, '2024-10-09', 'Yosef', '15', '6', '71', '2', '', NULL, ''),
(376, '2024-10-09', 'Yosef', '15', '6', '71', '2', '', '2024-10-03', ''),
(377, '2024-10-09', 'Yosef', '15', '6', '71', '2', '', '2024-10-04', ''),
(378, '2024-10-09', 'Yosef', '14', '6', '25', '2', '', '2024-09-30', ''),
(379, '2024-10-14', 'Arif', '13', '2', '117', '2', '', '2024-10-06', ''),
(380, '2024-10-14', 'Arif', '13', '2', '117', '2', '', NULL, ''),
(381, '2024-10-14', 'Arif', '13', '2', '119', '2', '', '2024-10-03', ''),
(382, '2024-10-14', 'Arif', '13', '2', '119', '2', '', NULL, ''),
(383, '2024-10-14', 'Arif', '15', '2', '118', '2', '', '2024-10-05', ''),
(384, '2024-10-14', 'Arif', '15', '2', '118', '2', '', NULL, ''),
(385, '2024-10-14', 'Ghazali', '13', '6', '120', '3', 'BAST+BA+DO', NULL, ''),
(386, '2024-10-14', 'Ghazali', '13', '6', '74', '2', '', '2024-08-23', ''),
(387, '2024-10-14', 'Ghazali', '14', '6', '120', '2', '', '2024-08-19', ''),
(388, '2024-10-14', 'Ghazali', '14', '6', '120', '2', '', '2024-08-16', ''),
(389, '2024-10-14', 'Ghazali', '14', '6', '120', '2', '', '2024-08-14', ''),
(390, '2024-10-14', 'Ghazali', '14', '6', '120', '2', '', '2024-08-12', ''),
(391, '2024-10-14', 'Ghazali', '14', '6', '120', '2', '', '2024-08-09', ''),
(392, '2024-10-14', 'Ghazali', '14', '6', '120', '2', '', '2024-08-07', ''),
(393, '2024-10-14', 'Ghazali', '14', '6', '120', '2', '', '2024-08-05', ''),
(394, '2024-10-14', 'Ghazali', '14', '6', '120', '2', '', '2024-08-02', ''),
(395, '2024-10-14', 'Ghazali', '14', '6', '120', '2', '', '2024-07-31', ''),
(396, '2024-10-14', 'Ghazali', '14', '6', '120', '2', '', '2024-07-29', ''),
(397, '2024-10-14', 'Ghazali', '14', '6', '120', '2', '', '2024-07-26', ''),
(398, '2024-10-14', 'Ghazali', '14', '6', '120', '2', '', '2024-07-24', ''),
(399, '2024-10-14', 'Ghazali', '14', '6', '120', '2', '', '2024-07-22', ''),
(400, '2024-10-14', 'Ghazali', '14', '6', '120', '2', '', '2024-07-19', ''),
(401, '2024-10-14', 'Ghazali', '14', '6', '120', '2', '', '2024-07-17', ''),
(402, '2024-10-14', 'Ghazali', '14', '6', '120', '2', '', '2024-07-15', ''),
(403, '2024-10-14', 'Ghazali', '14', '6', '120', '2', '', '2024-07-12', ''),
(404, '2024-10-14', 'Ghazali', '14', '6', '120', '2', '', '2024-07-10', ''),
(405, '2024-10-14', 'Ghazali', '14', '6', '120', '2', '', '2024-07-08', ''),
(406, '2024-10-14', 'Ghazali', '14', '6', '120', '2', '', '2024-07-05', ''),
(407, '2024-10-14', 'Ghazali', '14', '6', '120', '2', '', '2024-07-03', ''),
(408, '2024-10-14', 'Ghazali', '14', '6', '120', '2', '', '2024-07-01', ''),
(409, '2024-10-14', 'Wayan', '13', '2', '27', '2', '', '2024-10-07', ''),
(410, '2024-10-14', 'Wayan', '10', '2', '27', '1', 'Pergantian dudukan slider dan kabel slider', '2024-10-07', ''),
(411, '2024-10-14', 'Wayan', '14', '2', '39', '2', '', '2024-10-10', ''),
(412, '2024-10-14', 'Wayan', '15', '2', '38', '2', '', '2024-10-07', ''),
(413, '2024-10-14', 'Wayan', '15', '2', '28', '2', '', '2024-10-10', ''),
(414, '2024-10-14', 'Wayan', '18', '2', '37', '2', '', '2024-10-10', ''),
(415, '2024-10-14', 'Wayan', '13', '2', '39', '2', '', '2024-10-10', ''),
(416, '2024-10-14', 'Wayan', '10', '2', '37', '2', '', '2024-10-10', ''),
(417, '2024-10-14', 'Wayan', '16', '2', '37', '2', '', '2024-10-10', ''),
(418, '2024-10-14', 'Wayan', '13', '2', '38', '2', '', '2024-10-07', ''),
(419, '2024-10-14', 'Mad Boli', '13', '2', '121', '2', '', '0000-00-00', ''),
(420, '2024-10-14', 'Arif', '13', '2', '111', '2', '', '2024-10-01', ''),
(421, '2024-10-14', 'Arif', '13', '2', '111', '2', '', NULL, ''),
(422, '2024-10-14', 'Gusti', '15', '3', '109', '2', '', '2024-10-09', ''),
(423, '2024-10-14', 'Gusti', '13', '3', '109', '2', '', '2024-10-09', ''),
(424, '2024-10-14', 'Wayan', '16', '2', '37', '3', 'BA PM', '2024-10-10', ''),
(425, '2024-10-14', 'Mad Boli', '13', '2', '77', '3', 'BAST+BA+DO+WO Implementasi', NULL, ''),
(426, '2024-10-15', 'Agus Priyono', '15', '3', '55', '1', 'Pergantian CRT350', '2024-10-07', ''),
(427, '2024-10-15', 'Agus Priyono', '15', '3', '55', '2', '', '2024-10-07', ''),
(428, '2024-10-15', 'Agus Priyono', '13', '3', '124', '2', '', '2024-10-08', ''),
(429, '2024-10-15', 'Agus Priyono', '13', '3', '125', '2', '', '2024-10-09', ''),
(430, '2024-10-15', 'Agus Priyono', '14', '3', '125', '2', '', '2024-10-09', ''),
(431, '2024-10-15', 'Agus Priyono', '15', '3', '56', '2', '', '2024-10-07', ''),
(432, '2024-10-15', 'Rizqi', '13', '1', '63', '2', '', '0000-00-00', ''),
(433, '2024-10-15', 'Rizqi', '15', '1', '63', '2', '', NULL, ''),
(434, '2024-10-15', 'Rizqi', '13', '1', '126', '2', '', '2024-10-09', ''),
(435, '2024-10-15', 'Rizqi', '13', '1', '126', '2', '', NULL, ''),
(436, '2024-10-15', 'Rizqi', '13', '1', '63', '2', '', '2024-10-10', ''),
(437, '2024-10-15', 'Rizqi', '15', '1', '63', '1', 'Kartu tidak terbaca di card in', '2024-10-10', ''),
(438, '2024-10-15', 'Dika', '15', '2', '122', '2', '', '2024-10-09', ''),
(439, '2024-10-15', 'Dika', '15', '2', '38', '2', '', '2024-10-08', ''),
(440, '2024-10-15', 'Dika', '15', '2', '123', '2', '', '2024-10-07', ''),
(441, '2024-10-15', 'Amal', '14', '5', '30', '1', 'Pengecekan Sensor Box', '2024-10-10', ''),
(442, '2024-10-15', 'Amal', '14', '5', '30', '2', '', '2024-10-09', ''),
(443, '2024-10-15', 'Amal', '15', '5', '106', '2', '', '2024-10-08', ''),
(444, '2024-10-15', 'Abdullah', '15', '3', '65', '2', '', '2024-10-11', ''),
(445, '2024-10-15', 'Abdullah', '15', '3', '127', '2', '', '2024-10-09', ''),
(446, '2024-10-15', 'Ade Irfan', '15', '5', '29', '2', '', '2024-10-10', ''),
(447, '2024-10-15', 'Mad Boli', '15', '2', '128', '2', '', NULL, ''),
(448, '2024-10-15', 'Dika', '13', '2', '129', '2', '', '2024-10-09', ''),
(449, '2024-10-15', 'Dika', '13', '2', '122', '2', '', '2024-10-09', ''),
(450, '2024-10-15', 'Dika', '13', '2', '50', '2', '', '2024-10-11', ''),
(451, '2024-10-15', 'Dika', '13', '2', '38', '2', '', '2024-10-08', ''),
(452, '2024-10-15', 'Dika', '13', '2', '123', '2', '', '2024-10-07', ''),
(453, '2024-10-15', 'Amal', '13', '5', '130', '2', '', '2024-10-10', ''),
(454, '2024-10-15', 'Amal', '13', '5', '31', '2', '', '2024-10-07', ''),
(455, '2024-10-15', 'Amal', '13', '5', '106', '2', '', '2024-10-08', ''),
(456, '2024-10-15', 'Abdullah', '13', '3', '65', '2', '', '2024-10-11', ''),
(457, '2024-10-15', 'Abdullah', '13', '3', '127', '2', '', '2024-10-09', ''),
(458, '2024-10-15', 'Abdullah', '13', '3', '127', '1', 'Kamera error', '2024-10-09', ''),
(459, '2024-10-15', 'Ade Irfan', '13', '5', '29', '2', '', '2024-10-10', ''),
(460, '2024-10-15', 'Mad Boli', '13', '2', '131', '2', '', NULL, ''),
(461, '2024-10-15', 'Mad Boli', '13', '2', '128', '2', '', NULL, ''),
(462, '2024-10-15', 'Amal', '20', '5', '30', '1', 'Reset eform tablet', '2024-10-10', ''),
(463, '2024-10-15', 'Amal', '12', '5', '30', '2', '', '2024-10-09', ''),
(464, '2024-10-15', 'Amal', '20', '5', '30', '2', '', '2024-10-09', ''),
(465, '2024-10-15', 'Nico', '13', '3', '60', '2', '', '2024-10-09', ''),
(466, '2024-10-15', 'Nico', '13', '3', '40', '2', '', '2024-10-08', ''),
(467, '2024-10-15', 'Nico', '15', '3', '60', '2', '', '2024-10-09', ''),
(468, '2024-10-15', 'Nico', '14', '3', '40', '2', '', '2024-10-08', ''),
(469, '2024-10-15', 'Amal', '12', '5', '30', '3', 'BA PM', '2024-10-09', ''),
(470, '2024-10-15', 'Mad Boli', '13', '2', '131', '3', 'BAST+BA+DO+WO Implementasi', NULL, ''),
(471, '2024-10-15', 'Riswan', '14', '4', '46', '2', '', '2024-10-09', ''),
(472, '2024-10-15', 'Riswan', '13', '4', '132', '2', '', '2024-10-10', ''),
(473, '2024-10-15', 'Riswan', '20', '4', '46', '2', '', '2024-10-09', ''),
(474, '2024-10-15', 'Riswan', '12', '4', '46', '3', 'BA PM', '2024-07-29', ''),
(475, '2024-10-15', 'Riswan', '12', '4', '46', '2', '', '2024-08-16', ''),
(476, '2024-10-16', 'Zulkiflih', '15', '5', '44', '1', 'Receiver tidak berfungsi', '2024-10-08', ''),
(477, '2024-10-16', 'Rangga', '15', '3', '59', '1', 'Kartu sering sangkut', '2024-10-11', ''),
(478, '2024-10-16', 'Rangga', '14', '3', '58', '2', '', '2024-10-09', ''),
(479, '2024-10-16', 'Zulkiflih', '13', '5', '44', '2', '', '2024-10-08', ''),
(480, '2024-10-16', 'Zulkiflih', '13', '5', '42', '2', '', '2024-10-10', ''),
(481, '2024-10-16', 'Rangga', '13', '3', '58', '2', '', '2024-10-09', ''),
(482, '2024-10-16', 'Rangga', '13', '3', '133', '2', '', NULL, ''),
(483, '2024-10-16', 'Rangga', '13', '3', '133', '2', '', '2024-09-25', ''),
(484, '2024-10-16', 'Rangga', '17', '3', '134', '1', 'Perlu pergantian part board iot', '2024-10-11', ''),
(492, '2024-10-21', 'Rafli', '13', '4', '135', '3', 'BAST+BA+DO+WO Implementasi', '0000-00-00', ''),
(493, '2024-10-21', 'Rafli', '13', '4', '135', '2', '', NULL, ''),
(494, '2024-10-21', 'Yosef', '12', '6', '25', '3', 'BA PM', '2023-12-12', ''),
(495, '2024-10-21', 'Yosef', '12', '6', '25', '3', 'BA PM', '2024-03-22', ''),
(496, '2024-10-21', 'Yosef', '12', '6', '25', '3', 'BA PM', NULL, ''),
(497, '2024-10-21', 'Yosef', '13', '6', '73', '3', 'DO', NULL, ''),
(498, '2024-10-21', 'Ghazali', '14', '6', '120', '2', '', '2024-09-30', ''),
(499, '2024-10-21', 'Ghazali', '14', '6', '120', '2', '', '2024-10-01', ''),
(500, '2024-10-23', 'Ghazali', '14', '6', '120', '2', '', '2024-10-03', ''),
(501, '2024-10-23', 'Ghazali', '14', '6', '120', '2', '', '2024-10-08', ''),
(502, '2024-10-23', 'Ghazali', '14', '6', '120', '2', '', '2024-10-14', ''),
(503, '2024-10-23', 'Ghazali', '13', '6', '120', '2', '', '2024-10-14', ''),
(504, '2024-10-23', 'Ghazali', '13', '6', '120', '3', 'WO Kosong', '0000-00-00', ''),
(505, '2024-10-22', 'Wayan', '13', '2', '28', '2', '', '2024-10-14', ''),
(506, '2024-10-22', 'Wayan', '15', '2', '28', '2', '', '2024-10-14', ''),
(507, '2024-10-22', 'Wayan', '15', '2', '26', '2', '', '2024-10-18', ''),
(508, '2024-10-22', 'Wayan', '13', '2', '27', '2', '', '2024-10-17', ''),
(509, '2024-10-22', 'Wayan', '10', '2', '27', '2', '', '2024-10-17', ''),
(510, '2024-10-22', 'Wayan', '15', '2', '28', '2', '', '2024-10-18', ''),
(511, '2024-10-22', 'Nico', '13', '3', '60', '2', '', '2024-10-18', ''),
(512, '2024-10-22', 'Rizqi', '13', '1', '136', '2', '', NULL, ''),
(513, '2024-10-22', 'Rizqi', '13', '1', '68', '2', '', NULL, ''),
(514, '2024-10-22', 'Rizqi', '13', '1', '136', '2', '', '2024-10-14', ''),
(515, '2024-10-22', 'Rizqi', '13', '1', '68', '2', '', '2024-10-15', ''),
(516, '2024-10-22', 'Nico', '14', '3', '48', '2', '', '2024-10-14', ''),
(517, '2024-10-22', 'Nico', '15', '3', '60', '2', '', '2024-10-18', ''),
(518, '2024-10-22', 'Rizqi', '15', '1', '68', '2', 'Mesin sudah di pindahkan', '2024-10-15', ''),
(519, '2024-10-22', 'Abdullah', '13', '3', '66', '2', '', '2024-10-16', ''),
(520, '2024-10-22', 'Abdullah', '14', '3', '67', '2', '', '2024-10-14', ''),
(521, '2024-10-22', 'Abdullah', '13', '3', '67', '2', '', '2024-10-14', ''),
(522, '2024-10-22', 'Nico', '13', '3', '48', '3', 'BAST', NULL, ''),
(523, '2024-10-22', 'Abdullah', '13', '3', '67', '3', 'DO', NULL, ''),
(524, '2024-10-22', 'Rizqi', '13', '1', '64', '2', '', NULL, ''),
(525, '2024-10-22', 'Rizqi', '19', '1', '64', '2', '', '2024-10-17', ''),
(526, '2024-10-23', 'Amal', '15', '5', '53', '2', '', '2024-10-17', ''),
(527, '2024-10-23', 'Amal', '13', '5', '53', '2', '', '2024-10-17', ''),
(528, '2024-10-23', 'Gusti', '13', '3', '137', '2', '', NULL, ''),
(529, '2024-10-23', 'Gusti', '13', '3', '138', '2', '', NULL, ''),
(530, '2024-10-23', 'Gusti', '13', '3', '137', '2', '', '2024-10-15', ''),
(531, '2024-10-23', 'Gusti', '13', '3', '138', '2', '', '2024-10-14', ''),
(532, '2024-10-23', 'Gusti', '13', '3', '141', '2', '', NULL, ''),
(533, '2024-10-23', 'Gusti', '13', '3', '139', '2', '', NULL, ''),
(534, '2024-10-23', 'Gusti', '13', '3', '141', '2', '', '2024-10-16', ''),
(535, '2024-10-23', 'Gusti', '13', '3', '140', '2', '', '2024-10-15', ''),
(536, '2024-10-23', 'Gusti', '13', '3', '139', '2', '', '2024-10-15', ''),
(537, '2024-10-23', 'Gusti', '13', '3', '140', '2', '', NULL, ''),
(538, '2024-10-23', 'Gusti', '13', '3', '138', '3', 'BAST+BA+DO+WO Implementasi', NULL, ''),
(539, '2024-10-23', 'Gusti', '13', '3', '137', '3', 'BAST+BA+DO+WO Implementasi', NULL, ''),
(540, '2024-10-23', 'Gusti', '13', '3', '140', '3', 'BAST+BA+DO+WO Implementasi', NULL, ''),
(541, '2024-10-23', 'Gusti', '13', '3', '141', '3', 'BAST+BA+DO+WO Implementasi', NULL, ''),
(542, '2024-10-23', 'Gusti', '13', '3', '139', '3', 'BAST+BA+DO+WO Implementasi', NULL, ''),
(543, '2024-10-23', 'Arif', '10', '2', '98', '2', '', '2024-10-17', ''),
(544, '2024-10-23', 'Dika', '15', '2', '38', '2', '', '2024-10-15', ''),
(545, '2024-10-23', 'Dika', '14', '2', '39', '2', '', '2024-10-15', ''),
(546, '2024-10-23', 'Dika', '15', '2', '123', '2', '', NULL, ''),
(547, '2024-10-23', 'Agus Priyono', '15', '3', '56', '2', '', '2024-10-16', ''),
(548, '2024-10-23', 'Rangga', '13', '3', '142', '2', '', '2024-10-18', ''),
(549, '2024-10-23', 'Rangga', '13', '3', '143', '2', '', '2024-10-15', ''),
(550, '2024-10-23', 'Rangga', '13', '3', '143', '2', '', NULL, ''),
(551, '2024-10-23', 'Arif', '13', '2', '98', '2', '', '2024-10-17', ''),
(552, '2024-10-23', 'Arif', '13', '2', '98', '2', '', '2024-10-16', ''),
(553, '2024-10-23', 'Arif', '13', '2', '99', '2', '', '2024-10-15', ''),
(554, '2024-10-23', 'Dika', '13', '2', '38', '2', '', '2024-10-15', ''),
(555, '2024-10-23', 'Dika', '13', '2', '39', '2', '', '2024-10-15', ''),
(556, '2024-10-23', 'Dika', '13', '2', '50', '2', '', NULL, ''),
(557, '2024-10-23', 'Agus Priyono', '13', '3', '124', '2', '', '2024-10-18', ''),
(558, '2024-10-23', 'Ade Irfan', '13', '5', '144', '2', '', '2024-10-14', ''),
(559, '2024-10-23', 'Ade Irfan', '13', '5', '103', '2', '', '2024-10-15', ''),
(560, '2024-10-23', 'Ade Irfan', '13', '5', '101', '2', '', '2024-10-16', ''),
(561, '2024-10-23', 'Rangga', '13', '3', '142', '3', 'BAST+BA+DO+WO Implementasi', NULL, ''),
(562, '2024-10-23', 'Mad Boli', '13', '2', '75', '2', '', NULL, ''),
(563, '2024-10-23', 'Mad Boli', '13', '2', '75', '3', 'WO Implementasi', NULL, ''),
(564, '2024-10-23', 'Mad Boli', '13', '2', '49', '2', '', '2024-10-18', ''),
(565, '2024-10-23', 'Mad Boli', '10', '2', '49', '2', '', '2024-10-18', ''),
(566, '2024-10-23', 'Mad Boli', '10', '2', '49', '3', 'BA PM', '2024-10-18', ''),
(567, '2024-10-24', 'Ghazali', '14', '6', '120', '2', '', '2024-10-17', ''),
(568, '2024-10-24', 'Ghazali', '14', '6', '120', '2', '', '2024-10-16', ''),
(569, '2024-10-24', 'Ghazali', '13', '6', '120', '2', '', '2024-10-17', ''),
(570, '2024-10-24', 'Ghazali', '13', '6', '120', '2', '', '2024-10-16', ''),
(571, '2024-10-24', 'Aspin', '15', '4', '36', '2', '', '2024-10-15', ''),
(572, '2024-10-24', 'Aspin', '13', '4', '36', '2', '', '2024-10-15', ''),
(573, '2024-10-25', 'Riswan', '12', '4', '46', '2', '', '2024-10-09', ''),
(574, '2024-10-25', 'Riswan', '13', '4', '145', '2', '', '2024-10-17', ''),
(576, '2024-10-28', 'Mad Boli', '17', '2', '147', '2', '', '2024-10-24', ''),
(577, '2024-10-28', 'Mad Boli', '17', '2', '146', '2', '', '2024-10-24', ''),
(578, '2024-10-28', 'Wayan', '13', '2', '107', '2', '', '2024-10-23', ''),
(579, '2024-10-28', 'Wayan', '15', '2', '28', '2', '', '2024-10-22', ''),
(580, '2024-10-28', 'Wayan', '15', '2', '26', '2', '', '2024-10-22', ''),
(581, '2024-10-29', 'Zulkiflih', '14', '5', '43', '2', '', '2024-10-22', ''),
(582, '2024-10-29', 'Zulkiflih', '14', '5', '43', '2', '', '2024-10-25', ''),
(583, '2024-10-29', 'Zulkiflih', '15', '5', '44', '2', '', '2024-10-25', ''),
(584, '2024-10-29', 'Zulkiflih', '15', '5', '148', '2', '', '2024-10-14', ''),
(585, '2024-10-29', 'Zulkiflih', '15', '4', '45', '2', '', '2024-10-17', ''),
(586, '2024-10-29', 'Zulkiflih', '13', '5', '43', '2', '', '2024-10-22', ''),
(587, '2024-10-29', 'Zulkiflih', '13', '5', '43', '2', '', '2024-10-25', ''),
(588, '2024-10-29', 'Zulkiflih', '13', '5', '44', '2', '', '2024-10-25', ''),
(589, '2024-10-29', 'Zulkiflih', '13', '4', '45', '2', '', '2024-10-17', ''),
(590, '2024-10-29', 'Rizqi', '13', '1', '136', '2', '', NULL, ''),
(591, '2024-10-29', 'Rizqi', '13', '1', '63', '2', '', NULL, ''),
(592, '2024-10-29', 'Rizqi', '13', '1', '63', '2', '', '2024-10-24', ''),
(593, '2024-10-29', 'Rizqi', '13', '1', '136', '2', '', '2024-10-25', ''),
(594, '2024-10-29', 'Zulkiflih', '13', '5', '148', '2', '', '2024-10-14', ''),
(595, '2024-10-29', 'Gusti', '20', '3', '35', '2', '', '2024-10-22', ''),
(596, '2024-10-29', 'Gusti', '12', '3', '35', '2', '', '2024-10-22', ''),
(597, '2024-10-29', 'Gusti', '13', '3', '149', '2', '', '2024-10-25', ''),
(598, '2024-10-29', 'Abdullah', '13', '3', '65', '2', '', '2024-10-25', ''),
(599, '2024-10-29', 'Gusti', '14', '3', '35', '2', '', '2024-10-22', ''),
(600, '2024-10-29', 'Gusti', '14', '3', '149', '2', '', '2024-10-25', ''),
(601, '2024-10-29', 'Ade Irfan', '15', '5', '54', '2', '', '2024-10-25', ''),
(602, '2024-10-29', 'Ade Irfan', '13', '5', '54', '2', '', '2024-10-25', ''),
(603, '2024-10-29', 'Ade Irfan', '13', '5', '150', '2', '', '2024-10-24', ''),
(604, '2024-10-29', 'Ade Irfan', '13', '5', '151', '2', '', '2024-10-23', ''),
(605, '2024-10-29', 'Abdullah', '15', '3', '65', '2', '', '2024-10-23', ''),
(606, '2024-10-29', 'Abdullah', '13', '3', '65', '2', '', '2024-10-23', ''),
(607, '2024-10-29', 'Abdullah', '15', '3', '65', '1', 'Pergantian UPS', '2024-10-24', ''),
(608, '2024-10-29', 'Abdullah', '15', '3', '65', '2', '', '2024-10-25', ''),
(609, '2024-10-29', 'Riswan', '12', '4', '46', '2', '', '2024-10-22', ''),
(610, '2024-10-29', 'Riswan', '12', '4', '46', '1', 'SSD Kendala', '2024-10-23', ''),
(611, '2024-10-29', 'Riswan', '20', '4', '46', '2', '', '2024-10-22', ''),
(612, '2024-10-29', 'Riswan', '14', '4', '46', '2', '', '2024-10-22', ''),
(613, '2024-10-29', 'Riswan', '14', '4', '46', '2', '', '2024-10-25', ''),
(614, '2024-10-29', 'Aji', '15', '2', '80', '2', '', '2024-10-24', ''),
(615, '2024-10-29', 'Amal', '15', '5', '94', '2', '', '2024-10-22', ''),
(616, '2024-10-29', 'Amal', '15', '5', '106', '2', '', '2024-10-21', ''),
(617, '2024-10-29', 'Aji', '13', '2', '80', '2', '', '2024-10-24', ''),
(618, '2024-10-29', 'Amal', '13', '5', '94', '2', '', '2024-10-22', ''),
(619, '2024-10-29', 'Amal', '13', '5', '106', '2', '', '2024-10-21', ''),
(620, '2024-10-29', 'Rafli', '13', '4', '41', '2', '', '2024-10-25', ''),
(621, '2024-10-29', 'Rifki', '15', '5', '95', '3', 'DO Pengiriman UPS 900', '2024-07-09', ''),
(622, '2024-10-30', 'Rangga', '13', '3', '133', '3', 'DO QMS', '2024-03-14', ''),
(623, '2024-10-30', 'Yosef', '13', '6', '71', '2', '', '2024-10-26', ''),
(624, '2024-10-30', 'Yosef', '13', '6', '70', '2', '', '2024-10-21', ''),
(625, '2024-10-30', 'Nico', '13', '3', '152', '2', '', NULL, ''),
(626, '2024-10-30', 'Nico', '13', '3', '48', '2', '', '2024-10-25', ''),
(627, '2024-10-30', 'Nico', '13', '3', '152', '2', '', '2024-10-23', ''),
(628, '2024-10-30', 'Rangga', '13', '3', '133', '2', '', '2024-10-22', ''),
(629, '2024-10-30', 'Rifki', '13', '5', '96', '2', '', NULL, ''),
(630, '2024-10-30', 'Rifki', '13', '5', '96', '2', '', '2024-10-17', ''),
(631, '2024-10-30', 'Rifki', '13', '5', '112', '2', '', '2024-10-18', ''),
(632, '2024-10-30', 'Rifki', '13', '5', '95', '2', '', '2024-10-19', ''),
(633, '2024-10-30', 'Rifki', '13', '5', '61', '2', '', '2024-10-22', ''),
(634, '2024-10-30', 'Rifki', '13', '5', '153', '2', '', '2024-10-23', ''),
(635, '2024-10-30', 'Rifki', '13', '5', '51', '2', '', '2024-10-24', ''),
(636, '2024-10-30', 'Yosef', '15', '6', '71', '2', '', '2024-10-25', ''),
(637, '2024-10-30', 'Yosef', '14', '6', '25', '2', '', '2024-10-22', ''),
(638, '2024-10-30', 'Yosef', '15', '6', '70', '2', '', '2024-10-21', ''),
(639, '2024-10-30', 'Nico', '14', '3', '48', '2', '', '2024-10-25', ''),
(640, '2024-10-30', 'Rifki', '15', '5', '112', '2', '', '2024-10-18', ''),
(641, '2024-10-30', 'Rifki', '15', '5', '95', '2', '', '2024-10-19', ''),
(642, '2024-10-30', 'Yosef', '12', '6', '25', '2', '', '2024-10-22', ''),
(643, '2024-10-30', 'Yosef', '20', '6', '25', '2', '', '2024-10-22', ''),
(644, '2024-10-30', 'Aspin', '13', '4', '87', '2', '', '2024-10-25', ''),
(645, '2024-10-30', 'Dika', '15', '2', '38', '2', '', '2024-10-21', ''),
(646, '2024-10-30', 'Dika', '15', '2', '38', '2', '', '2024-10-24', ''),
(647, '2024-10-30', 'Dika', '15', '2', '38', '2', '', '2024-10-25', ''),
(648, '2024-10-30', 'Dika', '14', '2', '39', '2', '', '2024-10-23', ''),
(649, '2024-10-30', 'Dika', '18', '2', '37', '2', '', '2024-10-21', ''),
(650, '2024-10-30', 'Dika', '18', '2', '37', '2', '', '2024-10-23', ''),
(651, '2024-10-30', 'Dika', '10', '2', '37', '2', '', '2024-10-21', ''),
(652, '2024-10-30', 'Dika', '11', '2', '37', '2', '', NULL, ''),
(653, '2024-10-30', 'Drais', '14', '5', '79', '2', '', '2024-10-24', ''),
(654, '2024-10-30', 'Drais', '13', '5', '79', '2', '', '2024-10-24', ''),
(658, '2024-10-31', 'Ichsan', '14', '6', '72', '2', '', '2024-10-21', ''),
(659, '2024-10-31', 'Ichsan', '14', '6', '72', '2', '', '2024-10-23', ''),
(660, '2024-10-31', 'Ichsan', '14', '6', '72', '2', '', '2024-10-25', ''),
(661, '2024-10-31', 'Agus Priyono', '15', '3', '56', '2', '', '2024-10-24', ''),
(662, '2024-10-31', 'Agus Priyono', '14', '3', '154', '2', '', '2024-10-25', ''),
(663, '2024-10-31', 'Ichsan', '13', '6', '72', '2', '', '2024-10-21', ''),
(664, '2024-10-31', 'Ichsan', '13', '6', '72', '2', '', '2024-10-21', ''),
(665, '2024-10-31', 'Ichsan', '13', '6', '72', '2', '', '2024-10-23', ''),
(666, '2024-10-31', 'Agus Priyono', '13', '3', '154', '2', '', '2024-10-25', ''),
(677, '2024-10-31', 'Tama', '10', '4', '155', '2', '', '2024-10-16', ''),
(678, '2024-10-31', 'Tama', '10', '4', '155', '3', 'BA PM', NULL, ''),
(679, '2024-10-31', 'Tama', '15', '4', '156', '2', '', '2024-10-19', ''),
(680, '2024-10-31', 'Tama', '13', '4', '155', '2', '', '2024-10-16', ''),
(681, '2024-10-31', 'Tama', '13', '4', '157', '2', '', '2024-10-17', ''),
(682, '2024-10-31', 'Tama', '13', '4', '156', '2', '', '2024-10-19', ''),
(683, '2024-10-31', 'Tama', '13', '4', '158', '2', '', '2024-10-14', ''),
(684, '2024-10-31', 'Tama', '13', '4', '156', '3', 'BAST + BA', NULL, ''),
(685, '2024-10-31', 'Tama', '13', '4', '158', '3', 'BAST+BA+DO+WO Implementasi', NULL, ''),
(686, '2024-10-31', 'Tama', '13', '4', '157', '3', 'BAST+BA+DO+WO Implementasi', NULL, ''),
(695, '2024-11-01', 'Arif', '13', '2', '99', '2', '', '2024-10-28', ''),
(697, '2024-11-04', 'Rafli', '14', '4', '85', '2', 'Mesin SSB dan eform dalam 1 WO', '2024-11-29', 'http://localhost/aplikasidataberkas/uploads/files/4q20ukt6xcz351w.jpg'),
(698, '2024-11-04', 'Abdullah', '15', '3', '65', '2', '', '2024-10-30', ''),
(699, '2024-11-04', 'Abdullah', '13', '3', '65', '2', '', '2024-10-30', ''),
(700, '2024-11-04', 'Abdullah', '17', '3', '67', '2', '', '2024-10-28', ''),
(701, '2024-11-04', 'Drais', '13', '5', '83', '2', '', '2024-10-31', '');

-- --------------------------------------------------------

--
-- Table structure for table `data_request_barang`
--

CREATE TABLE `data_request_barang` (
  `id_request_barang` int(11) NOT NULL,
  `tanggal_request` varchar(255) NOT NULL,
  `nama_barang` varchar(255) NOT NULL,
  `kontak_penerima_barang` varchar(255) NOT NULL,
  `kantor_cabang` varchar(255) NOT NULL,
  `project_mesin` varchar(255) NOT NULL,
  `keterangan` varchar(255) NOT NULL,
  `tujuan_kirim` varchar(255) NOT NULL,
  `stok` varchar(255) NOT NULL,
  `status` varchar(255) NOT NULL,
  `resi_pengiriman` varchar(255) NOT NULL
) ENGINE=InnoDB DEFAULT CHARSET=utf8mb4;

--
-- Dumping data for table `data_request_barang`
--

INSERT INTO `data_request_barang` (`id_request_barang`, `tanggal_request`, `nama_barang`, `kontak_penerima_barang`, `kantor_cabang`, `project_mesin`, `keterangan`, `tujuan_kirim`, `stok`, `status`, `resi_pengiriman`) VALUES
(1, '2024-09-20', 'Apacer M.2 2280 PCIe SSD', 'Eltom Petugas IT BRI', 'Kefamenanu', 'QMS 400', 'Tidak bisa boot ke windows', 'BRI KC Kefamenanu', 'Gudang Lantai 4', 'Sudah terpasang', '016510043205824'),
(3, '2024-09-24', 'PSU Mean Well 21 A', 'Teknisi Rifki', 'Panakkukang', 'SSB 100', 'Replace', 'Alamat Teknisi', 'Gudang Lantai 4', 'Sampai di tujuan', '016510043637624'),
(4, '2024-09-24', 'PSU Mean Well 21A', 'Teknisi Rifki', 'Sungguminasa', 'SSB 100', 'Replace', 'Alamat Teknisi', 'Gudang Lantai 4', 'Sudah terpasang', '016510043637624'),
(5, '2024-09-24', 'Dudukan Slider dan Kabel Slider', 'Baskara - Petugas IT BRI Kuta', 'Kuta', 'RCM', 'Replace', 'BRI KC Kuta', 'Gudang Lantai 4', 'Sudah terpasang', '016510043543924'),
(6, '2024-09-25', 'Printer M1140', 'Rifki', 'Bandara Hasanuddin', 'SSB 100', 'Tidak keluar tinta', 'Alamat Teknisi', 'Gudang Lantai 4', 'Sudah terpasang', '016510043917724'),
(7, '2024-10-03', 'Box Dispenser', 'Eko - Petugas IT', 'Samarinda 2', 'SSB 187', 'Replace', 'BRI Samarinda 2', 'Gudang Lantai 4', 'Sampai di tujuan', '016510045399924'),
(8, '2024-10-08', 'UPS 900', 'Rahmad Riadi', 'HPK IKN', 'SSB 187', 'Replace', 'BRI Unit Sepaku', 'Gudang Lantai 4', 'Sudah terpasang', '016510046059824'),
(9, '2024-10-03', 'PSU Mean Well 21A', 'Nico', 'Pangkalan Bun', 'SSB 100', 'Replace', 'Alamat Teknisi', 'Gudang Lantai 4', 'Sudah terpasang', '016510045398024'),
(10, '2024-10-03', 'PSU Mean Well 21A', 'Nico', 'Sampit', 'SSB 100', 'Replace', 'Alamat Teknisi', 'Gudang Lantai 4', 'Sudah terpasang', '016510045398024'),
(11, '2024-10-03', 'PSU Mean Well 21A', 'Nico', 'Buntok', 'SSB 187', 'Replace', 'Alamat Teknisi', 'Gudang Lantai 4', 'Sudah terpasang', '016510045398024'),
(12, '2024-10-14', 'PSU Mean Well 21A', 'Wayan', 'Gianyar', 'SSB 187', 'Replace', 'Alamat Teknisi', 'Gudang Lantai 4', 'Sudah terpasang', '016510046934924'),
(13, '2024-10-14', 'PSU Mean Well 21A', 'Wayan', 'Ubud', 'SSB 187', 'Replace', 'Alamat Teknisi', 'Gudang Lantai 4', 'Sudah terpasang', '016510046934924'),
(14, '2024-10-14', 'PSU Mean Well 21A', 'Wayan', 'Tabanan', 'SSB 187', 'Replace', 'Alamat Teknisi', 'Gudang Lantai 4', 'Sampai di tujuan', '016510046934924'),
(15, '2024-10-14', 'PSU Mean Well 21A', 'Dika', 'Singaraja', 'SSB 187', 'Replace', 'Alamat Teknisi', 'Gudang Lantai 4', 'Sudah terpasang', '016510046932124'),
(16, '2024-10-16', 'UPS APC 900', 'Indra', 'Bontang', 'SSB 187', 'Replace', 'BRI KC Bontang', 'Gudang Lantai 4', 'Sampai di tujuan', '016510047375324'),
(17, '2024-10-21', 'PSU Mean Well 21A', 'Abdullah', 'Tarakan', 'SSB 187', 'Replace', 'Alamat Teknisi', 'Gudang Lantai 4', 'Sudah terpasang', '016510048046024'),
(18, '2024-10-21', 'PSU Mean Well 21A', 'Abdullah', 'Nunukan', 'SSB 187', 'Replace', 'Alamat Teknisi', 'Gudang Lantai 4', 'Sampai di tujuan', '016510048046024'),
(19, '2024-10-23', 'VGEN M.2 SSD 128 GB', 'Riswan', 'Manado', 'QMS 50', 'Tidak bisa masuk windows', 'Alamat Teknisi', 'Gudang Lantai 4', 'Sudah terpasang', '016510040074224'),
(21, '2024-10-30', 'PSU Mean Well 21A', 'Gusti', 'Tanjung Tabalong', 'SSB 187', 'Replace', 'Alamat Teknisi', 'Gudang Lantai 4', 'Sampai di tujuan', '016510049480124'),
(22, '2024-10-31', 'Akrilik EKTP dan Barcode', 'Aspin', 'Gorontalo', 'SSB 100', 'Replace', 'Alamat Teknisi', 'Gudang Lantai 4', 'Sampai di tujuan', '016510049290124'),
(23, '2024-10-31', 'Sensor Board', 'Rizqi', 'Pontianak', 'SSB 187', 'Replace', 'Alamat Teknisi', 'Gudang Lantai 4', 'Sampai di tujuan', '016510049289424'),
(25, '2024-10-31', 'Mini keyboard wireless', 'Rifki', 'Panakkukang', 'SSB 100', 'Tools Teknisi', 'Alamat Teknisi', 'Gudang Lantai 4', 'Sampai di tujuan', '016510049506124'),
(26, '2024-10-31', 'WIFI Dongle', 'Rifki', 'Maros', 'SSB 187', 'Tools teknisi a/n Amal', 'Alamat Teknisi', 'Gudang Lantai 4', 'Sampai di tujuan', '016510049506124'),
(27, '2024-10-31', 'Wifi Dongle', 'Rizqi', 'Pontianak', 'SSB 187', 'Tools Teknisi', 'Alamat Teknisi', 'Gudang Lantai 4', 'Sampai di tujuan', '016510049725624'),
(28, '2024-11-04', 'EKTP Reader', 'Nico', 'Sampit', 'SSB 100', 'Replace', 'Alamat Teknisi', 'Lantai 5', 'Dikirim ke tujuan', '016510050068924');

-- --------------------------------------------------------

--
-- Table structure for table `jenisberkas`
--

CREATE TABLE `jenisberkas` (
  `id` int(11) NOT NULL,
  `jenisberkas` varchar(255) NOT NULL
) ENGINE=InnoDB DEFAULT CHARSET=utf8mb4;

--
-- Dumping data for table `jenisberkas`
--

INSERT INTO `jenisberkas` (`id`, `jenisberkas`) VALUES
(1, 'Corrective Maintenance'),
(2, 'Preventive Maintenance'),
(3, 'Other');

-- --------------------------------------------------------

--
-- Table structure for table `kantor_cabang`
--

CREATE TABLE `kantor_cabang` (
  `id_kantor_cabang` int(11) NOT NULL,
  `kantor_cabang` varchar(255) NOT NULL,
  `id_kantor_wilayah` varchar(255) NOT NULL
) ENGINE=InnoDB DEFAULT CHARSET=utf8mb4;

--
-- Dumping data for table `kantor_cabang`
--

INSERT INTO `kantor_cabang` (`id_kantor_cabang`, `kantor_cabang`, `id_kantor_wilayah`) VALUES
(24, 'Sungguminasa', '5'),
(25, 'Jayapura', '6'),
(26, 'Ubud', '2'),
(27, 'Kuta', '2'),
(28, 'Gianyar', '2'),
(29, 'Takalar', '5'),
(30, 'Panakkukang', '5'),
(31, 'Makassar A.Yani', '5'),
(32, 'Tamalanrea', '5'),
(33, 'Gorontalo', '4'),
(35, 'Banjarmasin Ahmad Yani', '3'),
(36, 'Limboto', '4'),
(37, 'Denpasar Gajah Mada', '2'),
(38, 'Denpasar Gatot Subroto', '2'),
(39, 'Denpasar Renon', '2'),
(40, 'Sampit', '3'),
(41, 'Tobelo', '4'),
(42, 'Bau-Bau', '5'),
(43, 'Kendari Samratulangi', '5'),
(44, 'Kendari By Pass', '5'),
(45, 'Morowali', '4'),
(46, 'Manado', '4'),
(47, 'Manado Boulevard', '4'),
(48, 'Palangkaraya', '3'),
(49, 'Kupang', '2'),
(50, 'Semarapura', '2'),
(51, 'Sidrap', '5'),
(52, 'Sengkang', '5'),
(53, 'Mamuju', '5'),
(54, 'Majene', '5'),
(55, 'Unit Sepaku', '3'),
(56, 'HPK IKN', '3'),
(57, 'Bontang', '3'),
(58, 'Samarinda 1', '3'),
(59, 'Samarinda 2', '3'),
(60, 'Pangkalan Bun', '3'),
(61, 'Masamba', '5'),
(62, 'Pontianak Gajah Mada', '1'),
(63, 'Pontianak', '1'),
(64, 'Sambas', '1'),
(65, 'Tarakan', '3'),
(66, 'Tanjung Redeb', '3'),
(67, 'Tanjung Selor', '3'),
(68, 'Sintang', '1'),
(69, 'Sanggau', '1'),
(70, 'Sentani', '6'),
(71, 'Timika', '6'),
(72, 'Sorong', '6'),
(73, 'Abepura', '6'),
(74, 'Wamena', '6'),
(75, 'Kefamenanu', '2'),
(76, 'Tondano', '4'),
(77, 'Kalabahi', '2'),
(78, 'Mataram', '2'),
(79, 'Ambon', '5'),
(80, 'Praya', '2'),
(81, 'Langgur', '5'),
(82, 'Pulau Aru', '5'),
(83, 'Masohi', '5'),
(84, 'Negara', '2'),
(85, 'Ternate', '4'),
(86, 'Bandara Hasanuddin', '5'),
(87, 'Marisa', '4'),
(88, 'Batulicin', '3'),
(89, 'Palu', '4'),
(90, 'Pogogul Buol', '4'),
(91, 'Toli-toli', '4'),
(92, 'Biak', '6'),
(93, 'Sumbawa Besar', '2'),
(94, 'Pare-pare', '5'),
(95, 'Palopo', '5'),
(96, 'Enrekang', '5'),
(97, 'Buntok', '3'),
(98, 'Dompu', '2'),
(99, 'Raba Bima', '2'),
(100, 'BRICafe Labuan Bajo', '2'),
(101, 'Sinjai', '5'),
(102, 'Watampone', '5'),
(103, 'Bulukumba', '5'),
(104, 'Jeneponto', '5'),
(105, 'Somba Opu', '5'),
(106, 'Maros', '5'),
(107, 'Amlapura', '2'),
(108, 'Banjarmasin Samudera', '3'),
(109, 'Tanjung Tabalong', '3'),
(110, 'Selong', '2'),
(111, 'Labuan Bajo', '2'),
(112, 'Rantepao', '5'),
(113, 'Singkawang', '1'),
(114, 'Pemangkat', '1'),
(115, 'Bengkayang', '1'),
(116, 'Bangli', '2'),
(117, 'Waingapu', '2'),
(118, 'Waikabubak', '2'),
(119, 'Ruteng', '2'),
(120, 'Merauke', '6'),
(121, 'Larantuka', '2'),
(122, 'Tabanan', '2'),
(123, 'Singaraja', '2'),
(124, 'Balikpapan Ahmad Yani', '3'),
(125, 'Balikpapan Sudirman', '3'),
(126, 'Ketapang', '1'),
(127, 'Nunukan', '3'),
(128, 'Ende', '2'),
(129, 'Tabanan Kediri', '2'),
(130, 'Pangkep', '5'),
(131, 'Bajawa', '2'),
(132, 'Kotamobagu', '4'),
(133, 'Sangatta', '3'),
(134, 'Dr. Sutomo', '3'),
(135, 'Soa-Sio', '4'),
(136, 'Mempawah', '1'),
(137, 'Barabai', '3'),
(138, 'Amuntai', '3'),
(139, 'Kandangan', '3'),
(140, 'Rantau', '3'),
(141, 'Marabahan', '3'),
(142, 'Sendawar', '3'),
(143, 'Tenggarong', '3'),
(144, 'Bantaeng', '5'),
(145, 'Bitung', '4'),
(146, 'Nusa Cendana', '2'),
(147, 'Kuanino Kupang', '2'),
(148, 'Kolaka', '5'),
(149, 'Martapura', '3'),
(150, 'Polewali', '5'),
(151, 'Barru', '5'),
(152, 'Muara Teweh', '3'),
(153, 'Pinrang', '5'),
(154, 'Tanah Grogot', '3'),
(155, 'Poso', '4'),
(156, 'Luwuk', '4'),
(157, 'Ampana', '4'),
(158, 'Parigi', '4');

-- --------------------------------------------------------

--
-- Table structure for table `kantor_wilayah`
--

CREATE TABLE `kantor_wilayah` (
  `id_kantor_wilayah` int(11) NOT NULL,
  `kantor_wilayah` varchar(255) NOT NULL
) ENGINE=InnoDB DEFAULT CHARSET=utf8mb4;

--
-- Dumping data for table `kantor_wilayah`
--

INSERT INTO `kantor_wilayah` (`id_kantor_wilayah`, `kantor_wilayah`) VALUES
(1, 'Jakarta 3'),
(2, 'Denpasar'),
(3, 'Banjarmasin'),
(4, 'Manado'),
(5, 'Makassar'),
(6, 'Jayapura');

-- --------------------------------------------------------

--
-- Table structure for table `nama_teknisi`
--

CREATE TABLE `nama_teknisi` (
  `id_nama_teknisi` int(11) NOT NULL,
  `nama_teknisi` varchar(255) NOT NULL
) ENGINE=InnoDB DEFAULT CHARSET=utf8mb4;

--
-- Dumping data for table `nama_teknisi`
--

INSERT INTO `nama_teknisi` (`id_nama_teknisi`, `nama_teknisi`) VALUES
(1, 'Dika'),
(2, 'Ade Irfan'),
(3, 'Rizqi'),
(4, 'Rangga'),
(5, 'Riswan'),
(6, 'Yosef'),
(7, 'Rifki'),
(8, 'Tama'),
(9, 'Nico'),
(10, 'Abdullah'),
(11, 'Aspin'),
(12, 'Gusti'),
(13, 'Zulkiflih'),
(14, 'Drais'),
(15, 'Rafli'),
(16, 'Ghazali'),
(17, 'Mad Boli'),
(19, 'Arif'),
(20, 'Aji'),
(21, 'Wayan'),
(22, 'Amal'),
(23, 'Agus Priyono'),
(24, 'Ichsan');

-- --------------------------------------------------------

--
-- Table structure for table `project_mesin`
--

CREATE TABLE `project_mesin` (
  `id_project_mesin` int(11) NOT NULL,
  `nama_project` varchar(255) NOT NULL
) ENGINE=InnoDB DEFAULT CHARSET=utf8mb4;

--
-- Dumping data for table `project_mesin`
--

INSERT INTO `project_mesin` (`id_project_mesin`, `nama_project`) VALUES
(10, 'RCM'),
(11, 'VBS'),
(12, 'QMS 50'),
(13, 'QMS 400'),
(14, 'SSB 100'),
(15, 'SSB 187'),
(16, 'TCR'),
(17, 'Digital Banner'),
(18, 'BRI 24'),
(19, 'QMS 17'),
(20, 'Eform Tablet');

-- --------------------------------------------------------

--
-- Table structure for table `status_barang`
--

CREATE TABLE `status_barang` (
  `id_status_barang` int(11) NOT NULL,
  `status_barang` varchar(255) DEFAULT NULL
) ENGINE=InnoDB DEFAULT CHARSET=utf8mb4;

--
-- Dumping data for table `status_barang`
--

INSERT INTO `status_barang` (`id_status_barang`, `status_barang`) VALUES
(1, 'Dikirim ke tujuan'),
(2, 'Sampai di tujuan'),
(3, 'Sudah terpasang');

-- --------------------------------------------------------

--
-- Table structure for table `user`
--

CREATE TABLE `user` (
  `id` int(11) NOT NULL,
  `nama` varchar(50) NOT NULL,
  `email` varchar(50) NOT NULL,
  `password` varchar(255) DEFAULT NULL,
  `level` varchar(50) NOT NULL,
  `foto` varchar(255) NOT NULL,
  `login_session_key` varchar(255) DEFAULT NULL,
  `email_status` varchar(255) DEFAULT NULL,
  `password_expire_date` datetime DEFAULT '2024-12-10 00:00:00',
  `password_reset_key` varchar(255) DEFAULT NULL,
  `account_status` varchar(255) DEFAULT 'Pending'
) ENGINE=InnoDB DEFAULT CHARSET=utf8mb4;

--
-- Dumping data for table `user`
--

INSERT INTO `user` (`id`, `nama`, `email`, `password`, `level`, `foto`, `login_session_key`, `email_status`, `password_expire_date`, `password_reset_key`, `account_status`) VALUES
(1, 'admin', 'admin@gmail.com', '$2y$10$uPAJM0oB4BV9Ti7zatYx1u2G6cW00yIXk8QX4ebZNJuAV2VyU/rQS', 'user', 'uploads/files/l7gxbp6in9253cs.jpg', NULL, NULL, '2024-12-10 00:00:00', NULL, 'Active'),
(3, 'suryo1393', 'suryo1393@gmail.com', '$2y$10$MwQFhyvdTbY4w7CJ89jt6.UPr1WNvsw.30jaYgNkSxjbR7lwi1KP2', 'user', 'uploads/files/25rnbai37sk_wf1.jpg', NULL, NULL, '2024-09-26 13:35:07', '920fd7564c8061f3ba34d4d5df55c6b9', 'Active'),
(5, 'Administrator', 'administrator@gmail.com', '$2y$10$Ma4GR1M70oFZTEp6kf4YbupFaq69GR/8nD92XLXZIDJ4Xd0H5zVBO', 'admin', 'uploads/files/4r8pgk01ou5j6f_.jpg', NULL, NULL, '2024-12-10 00:00:00', NULL, 'Active');

--
-- Indexes for dumped tables
--

--
-- Indexes for table `databarang`
--
ALTER TABLE `databarang`
  ADD PRIMARY KEY (`id`);

--
-- Indexes for table `databerkas`
--
ALTER TABLE `databerkas`
  ADD PRIMARY KEY (`id`);

--
-- Indexes for table `data_request_barang`
--
ALTER TABLE `data_request_barang`
  ADD PRIMARY KEY (`id_request_barang`);

--
-- Indexes for table `jenisberkas`
--
ALTER TABLE `jenisberkas`
  ADD PRIMARY KEY (`id`);

--
-- Indexes for table `kantor_cabang`
--
ALTER TABLE `kantor_cabang`
  ADD PRIMARY KEY (`id_kantor_cabang`);

--
-- Indexes for table `kantor_wilayah`
--
ALTER TABLE `kantor_wilayah`
  ADD PRIMARY KEY (`id_kantor_wilayah`);

--
-- Indexes for table `nama_teknisi`
--
ALTER TABLE `nama_teknisi`
  ADD PRIMARY KEY (`id_nama_teknisi`);

--
-- Indexes for table `project_mesin`
--
ALTER TABLE `project_mesin`
  ADD PRIMARY KEY (`id_project_mesin`);

--
-- Indexes for table `status_barang`
--
ALTER TABLE `status_barang`
  ADD PRIMARY KEY (`id_status_barang`);

--
-- Indexes for table `user`
--
ALTER TABLE `user`
  ADD PRIMARY KEY (`id`);

--
-- AUTO_INCREMENT for dumped tables
--

--
-- AUTO_INCREMENT for table `databarang`
--
ALTER TABLE `databarang`
  MODIFY `id` int(11) NOT NULL AUTO_INCREMENT, AUTO_INCREMENT=29;

--
-- AUTO_INCREMENT for table `databerkas`
--
ALTER TABLE `databerkas`
  MODIFY `id` int(11) NOT NULL AUTO_INCREMENT, AUTO_INCREMENT=703;

--
-- AUTO_INCREMENT for table `data_request_barang`
--
ALTER TABLE `data_request_barang`
  MODIFY `id_request_barang` int(11) NOT NULL AUTO_INCREMENT, AUTO_INCREMENT=29;

--
-- AUTO_INCREMENT for table `jenisberkas`
--
ALTER TABLE `jenisberkas`
  MODIFY `id` int(11) NOT NULL AUTO_INCREMENT, AUTO_INCREMENT=4;

--
-- AUTO_INCREMENT for table `kantor_cabang`
--
ALTER TABLE `kantor_cabang`
  MODIFY `id_kantor_cabang` int(11) NOT NULL AUTO_INCREMENT, AUTO_INCREMENT=159;

--
-- AUTO_INCREMENT for table `kantor_wilayah`
--
ALTER TABLE `kantor_wilayah`
  MODIFY `id_kantor_wilayah` int(11) NOT NULL AUTO_INCREMENT, AUTO_INCREMENT=7;

--
-- AUTO_INCREMENT for table `nama_teknisi`
--
ALTER TABLE `nama_teknisi`
  MODIFY `id_nama_teknisi` int(11) NOT NULL AUTO_INCREMENT, AUTO_INCREMENT=25;

--
-- AUTO_INCREMENT for table `project_mesin`
--
ALTER TABLE `project_mesin`
  MODIFY `id_project_mesin` int(11) NOT NULL AUTO_INCREMENT, AUTO_INCREMENT=21;

--
-- AUTO_INCREMENT for table `status_barang`
--
ALTER TABLE `status_barang`
  MODIFY `id_status_barang` int(11) NOT NULL AUTO_INCREMENT, AUTO_INCREMENT=4;

--
-- AUTO_INCREMENT for table `user`
--
ALTER TABLE `user`
  MODIFY `id` int(11) NOT NULL AUTO_INCREMENT, AUTO_INCREMENT=7;
COMMIT;

/*!40101 SET CHARACTER_SET_CLIENT=@OLD_CHARACTER_SET_CLIENT */;
/*!40101 SET CHARACTER_SET_RESULTS=@OLD_CHARACTER_SET_RESULTS */;
/*!40101 SET COLLATION_CONNECTION=@OLD_COLLATION_CONNECTION */;
